<?xml version="1.0" encoding="UTF-8" standalone="yes" ?>

<!--
/* Copyright (c) 2017 Qualcomm Technologies, Inc.
 * All Rights Reserved.
 * Confidential and Proprietary - Qualcomm Technologies, Inc.
 *
 * Copyright (c) 2015, The Linux Foundation. All rights reserved.
 */
-->

<AppCatalog>
    <ResolutionOverrideApps>

    <!-- In AppAttributes, PackageName is must.
         ActivityName and VersionCode are optional and can be used to
        further restrict the whitelisting in terms of when and where to apply

        1. <AppAttributes PackageName="com.imangi.templerun" />
            Straight forward whitelisting when activityTrigger is called with this PackageName
        2. <AppAttributes PackageName="com.imangi.templerun"
                          ActivityName="com.unity3d.player.UnityPlayerProxyActivity" />
            Updating ApplicationInfo to override the resolution is done when activityTrigger
            is called with both the above PackageName and ActivityName
        3. <AppAttributes PackageName="com.imangi.templerun"
                          VersionCode="11" />
            Same as (1) but happens when app is of verionCode 11
        4. <AppAttributes PackageName="com.imangi.templerun"
                          ActivityName="com.unity3d.player.UnityPlayerProxyActivity"
                          VersionCode="11" />
            Same as (2) but happens when app is of versionCode 11
     -->

        <AppAttributes
            PackageName="com.imangi.templerun"
            ActivityName="com.unity3d.player.UnityPlayerProxyActivity" />

        <AppAttributes
            PackageName="com.imangi.templerun2"
            ActivityName="com.prime31.UnityPlayerProxyActivity" />

    </ResolutionOverrideApps>
    <GameTriggerApps>
    </GameTriggerApps>
    <AnimTriggerApps>
        <AppAttributes
            PackageName="com.tencent.mm"
            ActivityName="com.tencent.mm.plugin.luckymoney.ui.LuckyMoneyReceiveUI"
            WindowAnimationScale = "0"
            TransitionAnimationScale = "0"
            AnimatorDurationScale = "0" />
    </AnimTriggerApps>
    <NetTriggerApps>
        <AppAttributes
            PackageName="com.tencent.mm" />
    </NetTriggerApps>
    <HWAccelApps>
        <AppAttributes PackageName="com.tencent.mobileqq" />
        <AppAttributes PackageName="com.taobao.taobao" />
        <AppAttributes PackageName="com.youdao.dict" />
    </HWAccelApps>
</AppCatalog>
