<?xml version="1.0" encoding="ISO-8859-1"?>
<!--- Copyright (c) 2013-2014, The Linux Foundation. All rights reserved.       -->
<!---                                                                           -->
<!--- Redistribution and use in source and binary forms, with or without        -->
<!--- modification, are permitted provided that the following conditions are    -->
<!--- met:                                                                      -->
<!---     * Redistributions of source code must retain the above copyright      -->
<!---       notice, this list of conditions and the following disclaimer.       -->
<!---     * Redistributions in binary form must reproduce the above             -->
<!---       copyright notice, this list of conditions and the following         -->
<!---       disclaimer in the documentation and/or other materials provided     -->
<!---       with the distribution.                                              -->
<!---     * Neither the name of The Linux Foundation nor the names of its       -->
<!---       contributors may be used to endorse or promote products derived     -->
<!---       from this software without specific prior written permission.       -->
<!---                                                                           -->
<!--- THIS SOFTWARE IS PROVIDED "AS IS" AND ANY EXPRESS OR IMPLIED              -->
<!--- WARRANTIES, INCLUDING, BUT NOT LIMITED TO, THE IMPLIED WARRANTIES OF      -->
<!--- MERCHANTABILITY, FITNESS FOR A PARTICULAR PURPOSE AND NON-INFRINGEMENT    -->
<!--- ARE DISCLAIMED.  IN NO EVENT SHALL THE COPYRIGHT OWNER OR CONTRIBUTORS    -->
<!--- BE LIABLE FOR ANY DIRECT, INDIRECT, INCIDENTAL, SPECIAL, EXEMPLARY, OR    -->
<!--- CONSEQUENTIAL DAMAGES (INCLUDING, BUT NOT LIMITED TO, PROCUREMENT OF      -->
<!--- SUBSTITUTE GOODS OR SERVICES; LOSS OF USE, DATA, OR PROFITS; OR           -->
<!--- BUSINESS INTERRUPTION) HOWEVER CAUSED AND ON ANY THEORY OF LIABILITY,     -->
<!--- WHETHER IN CONTRACT, STRICT LIABILITY, OR TORT (INCLUDING NEGLIGENCE      -->
<!--- OR OTHERWISE) ARISING IN ANY WAY OUT OF THE USE OF THIS SOFTWARE, EVEN    -->
<!--- IF ADVISED OF THE POSSIBILITY OF SUCH DAMAGE.                             -->
<sound_trigger_platform_info>
    <device name="DEVICE_HANDSET_APE_ACDB_ID" value="130" />
    <device name="DEVICE_HEADSET_APE_ACDB_ID" value="138" />
    <device name="DEVICE_HANDSET_CPE_ACDB_ID" value="128" />
    <device name="DEVICE_HEADSET_CPE_ACDB_ID" value="139" />
    <ctrl name="execution_type" value="APE" /> <!-- value: "CPE" "APE" -->
    <ctrl name="max_cpe_sessions" value="1" />
    <ctrl name="max_ape_sessions" value="5" />
    <ctrl name="enable_failure_detection" value="false" />
    <ctrl name="rx_concurrency_disabled" value="true" />
    <ctrl name="rx_conc_max_st_ses" value="1" />
    <ctrl name="support_device_switch" value="false" />

    <!-- vendor_uuid for a soundmodel. More than one vendor_uuid tags can be -->
    <!-- listed in sequence, the below vendor uuid is reserved for Qualcomm  -->
    <!-- module. ISV must use their own unique vendor uuid. app_type,        -->
    <!-- module_id, param_id must match to the calibration database          -->
    <!-- If ISV vendor_uuid is present, execution_type will be forced to APE -->
    <vendor_uuid value="68ab2d40-e860-11e3-95ef-0002a5d5c51b" app_type="2" library="libsmwrapper.so">
        <!-- format: "ADPCM_packet" or "PCM_packet" !-->
        <!-- transfer_mode: "FTRT" or "RT" -->
        <!--  kw_duration is in milli seconds. It is valid only for FTRT transfer mode -->
        <capture_keyword format="PCM_packet" transfer_mode="RT" kw_duration="2000" />
        <param_type name="load_sound_model" module_id="0x00012C0D" param_id="0x00012C14"/>
        <param_type name="unload_sound_model" module_id="0x00012C0D" param_id="0x00012C15"/>
        <param_type name="confidence_levels" module_id="0x00012C0D" param_id="0x00012C07"/>
        <param_type name="operation_mode" module_id="0x00012C0D" param_id="0x00012C02"/>
        <ctrl name="max_cpe_phrases" value="6" />
        <ctrl name="max_cpe_users" value="3" />
        <ctrl name="max_ape_phrases" value="10" />
        <ctrl name="max_ape_users" value="10" />
        <ctrl name="client_capture_read_delay" value="2000" /> <!-- in milli seconds -->
    </vendor_uuid>
</sound_trigger_platform_info>

