<?xml version="1.0" encoding="utf-8" ?>
<!-- Copyright 2018 The Android Open Source Project

     Licensed under the Apache License, Version 2.0 (the "License");
     you may not use this file except in compliance with the License.
     You may obtain a copy of the License at

          http://www.apache.org/licenses/LICENSE-2.0

     Unless required by applicable law or agreed to in writing, software
     distributed under the License is distributed on an "AS IS" BASIS,
     WITHOUT WARRANTIES OR CONDITIONS OF ANY KIND, either express or implied.
     See the License for the specific language governing permissions and
     limitations under the License.
-->

<!-- Generated file for wahoo using measurements between PPR1.180405.004 and PPR1.180514.002 -->
<MediaCodecs>
    <Encoders>
        <MediaCodec name="c2.android.h263.encoder" type="video/3gpp" update="true">
            <Limit name="measured-frame-rate-176x144" range="300-478" />
        </MediaCodec>
        <MediaCodec name="c2.android.avc.encoder" type="video/avc" update="true">
            <Limit name="measured-frame-rate-320x240" range="155-277" />
            <Limit name="measured-frame-rate-720x480" range="90-94" />
            <Limit name="measured-frame-rate-1280x720" range="25-54" />
            <Limit name="measured-frame-rate-1920x1080" range="24-27" />
        </MediaCodec>
        <MediaCodec name="c2.android.mpeg4.encoder" type="video/mp4v-es" update="true">
            <Limit name="measured-frame-rate-176x144" range="253-531" />
        </MediaCodec>
        <MediaCodec name="c2.android.vp8.encoder" type="video/x-vnd.on2.vp8" update="true">
            <Limit name="measured-frame-rate-320x180" range="57-75" />
            <Limit name="measured-frame-rate-640x360" range="43-43" />
            <Limit name="measured-frame-rate-1280x720" range="17-17" />
            <Limit name="measured-frame-rate-1920x1080" range="12-12" />
        </MediaCodec>
    </Encoders>
    <Decoders>
        <MediaCodec name="c2.android.h263.decoder" type="video/3gpp" update="true">
            <Limit name="measured-frame-rate-176x144" range="155-341" />
        </MediaCodec>
        <MediaCodec name="c2.android.avc.decoder" type="video/avc" update="true">
            <Limit name="measured-frame-rate-320x240" range="170-373" />
            <Limit name="measured-frame-rate-720x480" range="50-77" />
            <Limit name="measured-frame-rate-1280x720" range="28-38" />
            <Limit name="measured-frame-rate-1920x1080" range="15-15" />
        </MediaCodec>
        <MediaCodec name="c2.android.hevc.decoder" type="video/hevc" update="true">
            <Limit name="measured-frame-rate-352x288" range="625-626" />
            <Limit name="measured-frame-rate-640x360" range="289-289" />
            <Limit name="measured-frame-rate-720x480" range="227-227" />
            <Limit name="measured-frame-rate-1280x720" range="84-84" />
            <Limit name="measured-frame-rate-1920x1080" range="46-46" />
        </MediaCodec>
        <MediaCodec name="c2.android.mpeg4.decoder" type="video/mp4v-es" update="true">
            <Limit name="measured-frame-rate-176x144" range="187-411" />
        </MediaCodec>
        <MediaCodec name="c2.android.vp8.decoder" type="video/x-vnd.on2.vp8" update="true">
            <Limit name="measured-frame-rate-320x180" range="579-754" />
            <Limit name="measured-frame-rate-640x360" range="402-402" />
            <Limit name="measured-frame-rate-1920x1080" range="36-36" />
        </MediaCodec>
        <MediaCodec name="c2.android.vp9.decoder" type="video/x-vnd.on2.vp9" update="true">
            <Limit name="measured-frame-rate-320x180" range="855-855" />
            <Limit name="measured-frame-rate-640x360" range="321-333" />
            <Limit name="measured-frame-rate-1280x720" range="121-121" />
            <Limit name="measured-frame-rate-1920x1080" range="67-67" />
        </MediaCodec>
    </Decoders>
</MediaCodecs>
